location,location_state,location_city,num_of_employees
Headquarters,NV,"Port Leah",1
Headquarters,VT,"Port Brad",1
Headquarters,NH,Sheppardmouth,1
Remote,WV,Michaelbury,1
Remote,WA,Lawsonfort,1
Remote,NJ,Larsenhaven,1
Headquarters,PA,"Port Saraburgh",1
Remote,WI,"East Thomasfort",1
Headquarters,FM,"Port Donald",1
Headquarters,MO,"Lake Katelyn",1
Headquarters,NC,Smithhaven,1
Headquarters,MN,"South Jermaine",1
Headquarters,NV,Melissaport,1
Headquarters,NE,"Port Chelsea",1
Headquarters,PA,"South Laura",1
Remote,MA,"East Robertmouth",1
Remote,AR,"East Sydneyfurt",1
Remote,WY,"South Ericland",1
Headquarters,FL,"Port Kathychester",1
Headquarters,UT,"South Debraside",1
Remote,ID,Pittmanside,1
Remote,UT,Ingrammouth,1
Remote,UT,"West Anthonyfort",1
Remote,VI,Lowerymouth,1
Remote,CT,Alexandrashire,1
Headquarters,DC,Stephanieberg,1
Remote,KS,"West Melissabury",1
Headquarters,KY,Stevensonshire,1
Headquarters,TN,"Port Robinview",1
Headquarters,SC,Pamelaport,1
Remote,WI,Samanthaport,1
Headquarters,WI,"East Cheryl",1
Headquarters,PR,Ibarrafort,1
Remote,CO,"West Kyleport",1
Headquarters,AL,Michaelland,1
Remote,NM,Erinborough,1
Headquarters,TN,Janetfurt,1
Headquarters,GU,"East Robertville",1
Headquarters,WY,"North Tom",1
Headquarters,IN,"East Antonio",1
Remote,TN,"Port Timothybury",1
Headquarters,SD,Wardfurt,1
Headquarters,WI,Caitlinmouth,1
Headquarters,ND,"East Mariah",1
Headquarters,DE,"Port Lauren",1
Headquarters,KS,"West Josephton",1
Headquarters,MS,"North Patriciachester",1
Headquarters,NC,"Port Adammouth",1
Headquarters,HI,"North Melissa",1
Headquarters,RI,Williamsonton,1
Headquarters,GA,"North Samuelborough",1
Headquarters,NM,Perezburgh,1
Remote,WV,Bakerfurt,1
Headquarters,MH,Markview,1
Remote,NM,"Port Tracyborough",1
Headquarters,OR,Perryshire,1
Headquarters,GU,"New Josephchester",1
Headquarters,HI,"North Joseph",1
Remote,KS,"South William",1
Remote,AS,"Lake Garrett",1
Remote,NC,Brettberg,1
Remote,IL,Kevinside,1
Headquarters,FL,Melissamouth,1
Headquarters,MO,"New Ashley",1
Remote,NM,"North Susan",1
Remote,AS,"East Joshua",1
Remote,NY,"West Dawn",1
Headquarters,MP,"North Staceybury",1
Remote,MS,Nicolefurt,1
Headquarters,AL,Justinview,1
Headquarters,FM,Shanefort,1
Headquarters,SD,Kristinaborough,1
Remote,MA,Christopherbury,1
Remote,ID,Greenville,1
Headquarters,IN,Meganfort,1
Remote,WI,"Lake Chad",1
Headquarters,AS,Kimstad,1
Headquarters,FL,"West Saraville",1
Headquarters,CA,Anitafurt,1
Headquarters,PA,"East Markchester",1
Headquarters,ND,"New Erinland",1
Remote,KS,"East Melanie",1
Headquarters,GU,"North Danielfort",1
Headquarters,KS,Houseport,1
Remote,OK,"Port Barbaratown",1
Headquarters,IN,Wesleyfurt,1
Headquarters,GU,"West Alexander",1
Headquarters,MP,"Port Daniel",1
Headquarters,HI,"South Yvonnehaven",1
Remote,AZ,"Port Kathrynside",1
Remote,TN,"Port Ashleyshire",1
Remote,VA,"West Michael",1
Remote,WY,"East Lindsaystad",1
Headquarters,CA,"North Sean",1
Headquarters,RI,"Lake Billyview",1
Headquarters,MP,"New Leslie",1
Headquarters,MA,"Port Christopher",1
Headquarters,NE,Hullburgh,1
Headquarters,PA,"West Vickiport",1
Headquarters,MP,"South Jasonside",1
Remote,SC,Julianport,1
Headquarters,NJ,"South Dave",1
Headquarters,SC,Brendahaven,1
Headquarters,AS,"East Ashley",1
Remote,VT,Robertsland,1
Remote,TN,"New Kimland",1
Remote,FL,"Port Diane",1
Remote,WY,"South Joseph",1
Remote,MT,Jacksonfort,1
Headquarters,VI,"North Stacy",1
Headquarters,ME,Ramirezmouth,1
Headquarters,MN,"Port Sarahstad",1
Headquarters,WY,"West Phillipview",1
Remote,KS,"Lake Michaelfort",1
Remote,NC,Warrenport,1
Remote,MN,Changshire,1
Remote,VA,"East Michael",1
Headquarters,NE,Julieport,1
Headquarters,NM,Rhodeston,1
Headquarters,PW,Kathleenton,1
Remote,WY,Deanburgh,1
Headquarters,IN,Fuentesburgh,1
Headquarters,OH,"Lake Emilyburgh",1
Headquarters,ND,Jessicachester,1
Headquarters,AL,"Lake Robert",1
Headquarters,TN,"South Nataliemouth",1
Headquarters,MT,Clarkburgh,1
Remote,NV,Gutierrezshire,1
Headquarters,RI,"West Shawnaburgh",1
Headquarters,CA,Rodrigueztown,1
Remote,PA,Spencerton,1
Remote,OK,Jonesside,1
Remote,WY,"South Max",1
Remote,FM,"South Brianmouth",1
Headquarters,MN,"Port Linda",1
Remote,ND,"New Stephanieland",1
Remote,AL,"Port Peter",1
Headquarters,IA,"North Stephanieland",1
Remote,SC,Kimfort,1
Headquarters,ID,"Lake Aaronton",1
Remote,TN,Barrettborough,1
Headquarters,VT,"Port Jamieland",1
Remote,HI,"South Kennethmouth",1
Remote,KS,Benjaminfort,1
Remote,ID,"New William",1
Headquarters,TN,Rileyfurt,1
Headquarters,NV,"West Joanne",1
Remote,NH,Elizabethmouth,1
Headquarters,SD,"Lake Deniseland",1
Headquarters,IA,Huntport,1
Headquarters,CO,"North Reginaldshire",1
Headquarters,DE,"East Shelbyberg",1
Remote,SC,"South Thomas",1
Headquarters,NC,"South Matthewberg",1
Headquarters,VT,Jeffreyburgh,1
Headquarters,VT,"North Tiffany",1
Headquarters,KY,Garyview,1
Headquarters,MH,Hendersonmouth,1
Headquarters,FM,"South Christineton",1
Headquarters,MH,Thomasmouth,1
Remote,NV,"West Kelly",1
Headquarters,AR,"West Anna",1
Headquarters,UT,Hodgesmouth,1
Headquarters,NH,"Lake Jonathanville",1
Headquarters,MD,"South Shannon",1
Headquarters,PR,"New Kristin",1
Headquarters,PR,"North Cameron",1
Headquarters,DC,"Lake Samantha",1
Headquarters,MN,"Lake Phillipview",1
Remote,NV,"West Christopherbury",1
Remote,AZ,Ashleyfurt,1
Remote,OR,Christianberg,1
Remote,CA,"North Cynthia",1
Headquarters,ND,"North James",1
Headquarters,SC,Amyton,1
Headquarters,AL,"North Robertchester",1
Headquarters,FL,"New Nicole",1
Remote,MO,"South Judy",1
Remote,PW,Peterport,1
Headquarters,DC,"Port Megan",1
Remote,WI,"North Claire",1
Headquarters,DC,"North April",1
Headquarters,KS,"South Jordanview",1
Headquarters,MD,"West Sheryltown",1
Remote,IL,"North Kevinmouth",1
Remote,GU,"North Veronicamouth",1
Headquarters,OH,Melanieland,1
Remote,DC,"South Charlene",1
Headquarters,IA,"East Jessicaville",1
Remote,MI,"South Mary",1
Remote,SC,Annafurt,1
Headquarters,MN,Phillipton,1
Headquarters,MI,Saraborough,1
Headquarters,PA,Johnbury,1
Headquarters,AZ,"Port Sonyachester",1
Remote,CT,"Lake Amy",1
Remote,CT,Smithview,1
Headquarters,NY,Gonzalezstad,1
Headquarters,LA,"North Maryberg",1
Remote,PA,"New Andrew",1
Headquarters,AZ,Thomashaven,1
Headquarters,MA,"West Carol",1
Headquarters,GA,"Port Taraville",1
Headquarters,NJ,Jacksonfurt,1
Headquarters,OK,"South Robinfurt",1
Headquarters,OH,Alexandriahaven,1
Remote,NC,Nataliefort,1
Headquarters,MA,"South Debra",1
Headquarters,VA,"Lake Gabriela",1
Remote,ID,Jacksonmouth,1
Headquarters,NC,Rhondachester,1
Remote,OH,"Port Michelleborough",1
Remote,AL,"West Amy",1
Remote,PW,"Lake Andrew",1
Headquarters,IA,"South Tony",1
Headquarters,ME,Mckayberg,1
Headquarters,NV,Cohenland,1
Headquarters,PA,"Port James",1
Headquarters,CA,Wallacechester,1
Remote,IN,"East James",1
Remote,FM,"South Sierra",1
Headquarters,AS,"Lake Michael",1
Headquarters,IA,"South Cynthiastad",1
Remote,AR,"South Carlosberg",1
Headquarters,AS,Judyville,1
Headquarters,PA,Floresmouth,1
Remote,WI,"New Richardfort",1
Headquarters,MN,Blakemouth,1
Headquarters,TX,"East Heather",1
Remote,IL,Johnburgh,1
Remote,AS,Tonymouth,1
Remote,MT,"New Matthew",1
Headquarters,TX,Smithshire,1
Headquarters,AR,Lucasstad,1
Headquarters,NM,Gibbsstad,1
Remote,FL,Rebeccabury,1
Remote,AL,Derekfurt,1
Headquarters,AK,Whitemouth,1
Remote,MD,Vargasmouth,1
Headquarters,MT,Amandaborough,1
Remote,FM,"West Rhondamouth",1
Headquarters,KS,Wongport,1
Remote,KS,"West Christophermouth",1
Headquarters,SD,Markside,1
Headquarters,NE,Castilloberg,1
Headquarters,ME,"East Mary",1
Remote,FM,Danielmouth,1
Headquarters,MA,"North Kelly",1
Remote,HI,Danielstad,1
Remote,IA,"West Jesse",1
Remote,OH,Haileymouth,1
Remote,OK,"Lake Ashley",1
Headquarters,IN,"North Melissa",1
Headquarters,GU,"Port Codyfort",1
Headquarters,MD,Smithburgh,1
Headquarters,NM,Perezborough,1
Headquarters,AL,"New Mariaview",1
Headquarters,PA,"South Mathew",1
Headquarters,MP,Amyland,1
Headquarters,MS,Contrerashaven,1
Remote,MA,Kellymouth,1
Headquarters,MD,Darinstad,1
Headquarters,AZ,"New Lisaton",1
Remote,HI,"West Sharonshire",1
Headquarters,MH,Robinbury,1
Headquarters,WY,Leonardchester,1
Remote,ND,"New John",1
Headquarters,KY,"New Gregory",1
Remote,CO,Patrickport,1
Remote,FL,Robinsonhaven,1
Headquarters,KS,"South Susanton",1
Remote,MO,Arnoldville,1
Headquarters,GA,"North Nicholas",1
Headquarters,CT,Jasmineville,1
Headquarters,HI,"South Jamesborough",1
Headquarters,AS,"North Sharon",1
Headquarters,MO,"Port Kathrynview",1
Remote,GA,Harrisberg,1
Remote,WV,Katherineland,1
Headquarters,WY,"East Brandybury",1
Headquarters,AS,"North Kylemouth",1
Headquarters,AS,"North Timothyview",1
Headquarters,DC,Heathermouth,1
Headquarters,KY,"South Jason",1
Remote,MS,"Port Michellemouth",1
Headquarters,VT,Armstrongburgh,1
Remote,PA,Bridgesfurt,1
Remote,VT,Alexanderfurt,1
Headquarters,PR,"South Elizabeth",1
Remote,NY,"Port Joshua",1
Headquarters,MS,Smithville,1
Remote,WA,Riveraborough,1
Remote,DC,Sierraside,1
Headquarters,OK,Ortizville,1
Remote,MS,"Lake Cynthia",1
Remote,NC,Sancheztown,1
Headquarters,PR,Craigfort,1
Headquarters,NH,Laceybury,1
Remote,PW,"New Kenneth",1
Headquarters,PR,Sullivanberg,1
Headquarters,SC,Garnerburgh,1
Headquarters,DC,"North Amyland",1
Headquarters,DE,"West Elizabeth",1
Remote,WV,Clintonside,1
Remote,MD,"Port Adam",1
Remote,ME,Paigefurt,1
Headquarters,GU,Franciscomouth,1
Remote,SC,Burnsshire,1
Headquarters,AS,Bradleymouth,1
Remote,CO,Schneiderton,1
Remote,SC,"East Thomasville",1
Headquarters,AK,Mitchellburgh,1
Remote,HI,"West Nicholasmouth",1
Headquarters,NY,Bergerchester,1
Headquarters,PR,"Lake Evelyn",1
Headquarters,OR,"West Danielleville",1
Headquarters,SC,"Port Kimberly",1
Headquarters,NC,"South Jonathanfurt",1
Headquarters,PW,Kendraburgh,1
Remote,WA,Carrillofurt,1
Headquarters,AZ,Hintonside,1
Headquarters,WI,Jackshire,1
Remote,FM,"New Meganview",1
Remote,OR,Karenshire,1
Remote,ND,"West Kylefort",1
Remote,IA,"South Amandamouth",1
Headquarters,MO,Barrstad,1
Remote,AK,"North Cynthiachester",1
Headquarters,WV,"South Christopher",1
Remote,PR,"Port Anthony",1
Remote,DC,Sanchezmouth,1
Headquarters,AL,Fordburgh,1
Remote,KY,Campbellfurt,1
Remote,DE,Townsendtown,1
Headquarters,WI,"East Hollyshire",1
Headquarters,GU,Jessicaberg,1
Remote,AL,"New Garymouth",1
Headquarters,MH,Valdezport,1
Remote,IN,"Port Richard",1
Headquarters,MP,Greeneshire,1
Remote,IA,"West Erichaven",1
Remote,MN,Roberttown,1
Headquarters,WV,"Lake Bonniefort",1
Headquarters,NY,"Port Keith",1
Headquarters,SC,Burtonbury,1
Headquarters,PW,"Lake Jerryfort",1
Headquarters,ME,"Lake Richard",1
Headquarters,IA,Rossview,1
Headquarters,GA,"Port Stephaniebury",1
Headquarters,IN,"Lake Nancyshire",1
Headquarters,WY,Millertown,1
Headquarters,UT,Millershire,1
Headquarters,AL,"South Meghanborough",1
Remote,WV,"West Patriciaburgh",1
Remote,TN,Hartside,1
Headquarters,CT,Harveyton,1
Remote,RI,Manuelmouth,1
Remote,AS,"Lake Aliciatown",1
Headquarters,VA,Nicolechester,1
Headquarters,FM,"North Ryanstad",1
Headquarters,MN,"North Jane",1
Headquarters,GU,"West Susanfurt",1
Headquarters,AL,Michaelstad,1
Headquarters,MA,Samanthaview,1
Remote,NH,"North Jacob",1
Headquarters,MH,"East Jerry",1
Headquarters,NV,"South Stevenberg",1
Headquarters,ND,Davisshire,1
Remote,FM,Reginaborough,1
Headquarters,TX,"East Curtistown",1
Headquarters,MP,Jorgechester,1
Remote,OR,Christopherville,1
Headquarters,WV,"New Amy",1
Remote,MA,Markmouth,1
Headquarters,TX,Philiptown,1
Headquarters,GU,"New Caseystad",1
Headquarters,WY,Annetteland,1
Headquarters,UT,"New Jessica",1
Headquarters,TX,"West Sierrafurt",1
Remote,SD,Archershire,1
Headquarters,RI,Ginamouth,1
Remote,FL,Santosbury,1
Remote,CA,Hensleyberg,1
Headquarters,AS,Jasonton,1
Remote,MO,Gardnerburgh,1
Remote,OK,"South Hannah",1
Remote,TN,Michelleberg,1
Remote,NY,"South Gregoryview",1
Remote,NE,Gibbsborough,1
Remote,ID,Carolynview,1
Remote,FL,"North Nathanville",1
Headquarters,GU,Kristenshire,1
Headquarters,NM,"Port Zachary",1
Headquarters,MN,"New Lisa",1
Headquarters,TN,Patriciamouth,1
Remote,CT,"South Jennyville",1
Headquarters,FL,Linville,1
Headquarters,GU,"Port Aaronland",1
Remote,DE,"South Melissa",1
Headquarters,KY,Brianland,1
Headquarters,IN,"New Miguelview",1
Headquarters,PR,"North Ambershire",1
Headquarters,FL,"West Brittanybury",1
Remote,MS,"Lake Jason",1
Headquarters,MO,"North Amy",1
Remote,GU,"New Michaelville",1
Remote,DC,"Lake Marc",1
Headquarters,MD,Danieltown,1
Headquarters,KY,Pamelaville,1
Headquarters,PW,Roberthaven,1
Remote,IL,"Lake Claudiaville",1
Remote,KY,"Lake Tiffany",1
Remote,MS,"Port Betty",1
Remote,SD,Roberthaven,1
Headquarters,VI,Greeneville,1
Headquarters,HI,Angelfurt,1
Remote,CO,"East Carolineton",1
Headquarters,AR,"South Ryan",1
Headquarters,AR,"New Austin",1
Headquarters,PA,"Port Monicaberg",1
Remote,FM,"West Jenniferbury",1
Headquarters,NV,Christinafort,1
Headquarters,GU,"West Jessicachester",1
Headquarters,MA,"Lake Michael",1
Headquarters,PA,"Lake Michael",1
Remote,TX,Bowmanchester,1
Headquarters,ND,Barrmouth,1
Headquarters,NV,Brianville,1
Headquarters,KS,Scottside,1
Headquarters,IL,Williamsport,1
Headquarters,AS,Martinmouth,1
Headquarters,VT,"West Anthony",1
Headquarters,PW,"West Timothyhaven",1
Headquarters,IN,Johnbury,1
Headquarters,AR,"North Heatherville",1
Remote,MP,"Lake Carolville",1
Remote,DC,Hineston,1
Headquarters,MN,"North Tylerbury",1
Remote,NH,"West Jeantown",1
Headquarters,MN,Kevinhaven,1
Headquarters,HI,"Port Michelleshire",1
Remote,GA,"Port Michelleville",1
Remote,ND,"Port Ariel",1
Headquarters,NJ,"Port Lisahaven",1
Headquarters,FL,"South Christinabury",1
Headquarters,IL,"North Ryanview",1
Headquarters,VI,"Port Jared",1
Remote,VT,Ashleyport,1
Headquarters,CA,Sharonfurt,1
Headquarters,OK,"East Kimberly",1
Remote,NC,Wendyborough,1
Remote,MP,"Port Joshua",1
Remote,UT,Michaelland,1
Headquarters,SC,Carneychester,1
Remote,GA,"Port Rodney",1
Remote,AK,"North Mary",1
Headquarters,OK,Kevintown,1
Remote,NJ,Harrisfort,1
Headquarters,PA,Ellisbury,1
Remote,AS,"Lake Lucas",1
Remote,PR,Millermouth,1
Headquarters,WV,"New Bobbyburgh",1
Headquarters,MS,Brownmouth,1
Headquarters,LA,"Lake Tonyashire",1
Remote,AZ,"East Michaelville",1
Headquarters,WI,Kimberlyborough,1
Headquarters,MO,"North Sethmouth",1
Remote,OR,Cannonfurt,1
Headquarters,OR,"North Sandra",1
Headquarters,WY,Thompsonport,1
Remote,NM,"West Michelle",1
Remote,PR,Kimberlystad,1
Remote,MN,"North Debrafort",1
Remote,WY,"Port Amandaburgh",1
Headquarters,AZ,"West Samantha",1
Headquarters,AR,Cassandraborough,1
Headquarters,OH,Christianchester,1
Remote,AZ,Katiebury,1
Headquarters,CO,Harperstad,1
Headquarters,MO,Clarkeport,1
Headquarters,ID,Philipborough,1
Headquarters,NM,"South Edward",1
Headquarters,PA,"West Christy",1
Headquarters,IA,Changstad,1
Remote,VA,Sherriberg,1
Headquarters,VT,Melindamouth,1
Headquarters,WI,"Lake Angelaport",1
Headquarters,IL,Aaronshire,1
Remote,KS,Juliaside,1
Headquarters,MP,Bonniemouth,1
Headquarters,MH,Gwendolynchester,1
Headquarters,AR,Robertborough,1
Headquarters,NJ,"South Maria",1
Headquarters,RI,"South Aprilburgh",1
Headquarters,LA,Rayland,1
Remote,KY,"North Amber",1
Headquarters,MH,Nicholastown,1
Headquarters,AZ,Dianemouth,1
Remote,VI,"West Branditon",1
Headquarters,MN,"New Andrew",1
Headquarters,IA,"West Ronaldborough",1
Headquarters,WI,Juliehaven,1
Headquarters,MA,"East Anne",1
Headquarters,MI,Aaronhaven,1
Remote,MA,Gillfort,1
Headquarters,WI,Johnfort,1
Remote,ND,Morrisfurt,1
Remote,VA,"North Ashlee",1
Remote,TN,"North Shannonhaven",1
Remote,NJ,Dianemouth,1
Remote,AS,"Lake Jason",1
Headquarters,GU,Rowebury,1
Headquarters,MT,"East Richard",1
Headquarters,DC,Armstronghaven,1
Remote,FM,Westfort,1
Remote,DE,Carrollton,1
Headquarters,CT,Molinaland,1
Remote,LA,Andrewfort,1
Remote,PW,Troychester,1
Headquarters,FL,"West Lisa",1
Headquarters,CA,Loriland,1
Headquarters,RI,"East Mary",1
Headquarters,MI,Holmesborough,1
Headquarters,LA,"Port Johnburgh",1
Remote,MA,Paulhaven,1
Headquarters,VT,Cortezfurt,1
Headquarters,NJ,Leahborough,1
Remote,DE,"East Lisa",1
Headquarters,MA,Lindahaven,1
Remote,SD,"North Mindyport",1
Headquarters,OK,Markmouth,1
Headquarters,MP,Cynthiaview,1
Remote,VI,"Lake Ninaview",1
Headquarters,DC,"West Michellemouth",1
Remote,AL,"Lake Sean",1
Remote,MA,Lopezport,1
Remote,AS,Nicoleberg,1
Remote,MA,Craigburgh,1
Remote,IL,"New Josebury",1
Headquarters,OH,Charleshaven,1
Headquarters,HI,Wardtown,1
Remote,DE,Brownstad,1
Headquarters,KS,Kimview,1
Remote,MS,Huntton,1
Remote,IN,Thomasport,1
Headquarters,GA,"Port Rachel",1
Remote,OK,Bishopburgh,1
Remote,TN,Johnmouth,1
Headquarters,IL,Swansontown,1
Headquarters,WY,"North Marissaburgh",1
Remote,DC,Powelltown,1
Headquarters,AS,Wardland,1
Remote,ID,"Lake Christopher",1
Remote,VA,"East Jennifermouth",1
Headquarters,ME,"East Jessestad",1
Remote,NV,Connieborough,1
Remote,DE,"South Cameron",1
Remote,GA,"New Seth",1
Remote,LA,Chelseastad,1
Headquarters,UT,"New Scottbury",1
Remote,IA,Angelaland,1
Headquarters,MS,"New Autumnview",1
Remote,OH,"Lake Ashleytown",1
Headquarters,NJ,"South Alexis",1
Headquarters,GA,Ericview,1
Headquarters,NM,"New Shawnport",1
Headquarters,PA,"Lake Michaelchester",1
Headquarters,FM,Matamouth,1
Headquarters,PW,"North Rebecca",1
Remote,GA,Kenthaven,1
Headquarters,OR,"Lake Samanthamouth",1
Remote,FL,"West Matthewland",1
Remote,NC,Michelleland,1
Headquarters,UT,"New Diana",1
Remote,MI,Sherryville,1
Remote,IL,"Lake Kennethtown",1
Remote,NE,Heatherhaven,1
Headquarters,KY,Davidsonport,1
Headquarters,AL,Timothyland,1
Headquarters,OH,"New Eric",1
Headquarters,WI,"South Kellyberg",1
Remote,LA,Bradyton,1
Headquarters,TX,Blevinsland,1
Headquarters,CO,"East Melanie",1
Headquarters,VI,"North Lindsayborough",1
Headquarters,ME,"South Justin",1
Headquarters,ID,Jamesfurt,1
Headquarters,GU,Jillfort,1
Remote,MO,"Port Matthew",1
Remote,KY,Blakestad,1
Headquarters,IA,Mayhaven,1
Headquarters,NV,Melissaville,1
Headquarters,VA,"New David",1
Headquarters,AS,Walkerview,1
Remote,KY,Anthonyberg,1
Headquarters,NY,Floresport,1
Headquarters,OR,Lewisburgh,1
Headquarters,NM,"Lake Tracy",1
Headquarters,NH,Simpsonburgh,1
Headquarters,UT,"West Shawn",1
Headquarters,IN,"Port Bruce",1
Remote,GU,"Port Gregory",1
Remote,NM,Andersonmouth,1
Headquarters,TN,Johnsview,1
Remote,FL,"Port Michelle",1
Remote,AR,Mcintyrebury,1
Remote,RI,"West Stephen",1
Remote,KY,"West Patriciachester",1
Headquarters,WI,Ewingshire,1
Remote,NJ,"Port Evan",1
Headquarters,MT,"Lake Dustin",1
Headquarters,GU,"New Brian",1
Remote,ID,Ellisonshire,1
Headquarters,AZ,"South William",1
Headquarters,PR,Walkerville,1
Remote,NV,"North Tony",1
Headquarters,LA,Jenniferborough,1
Remote,DC,Williefort,1
Remote,MD,Ronaldfort,1
Remote,NM,"New Lisa",1
Headquarters,MA,"West Jenniferville",1
Headquarters,VI,"West Stevenhaven",1
Remote,AK,Andersonton,1
Remote,MT,Garrettshire,1
Headquarters,AK,"West Brian",1
Headquarters,NJ,"North David",1
Headquarters,VI,Katherineton,1
Headquarters,PR,"Lake Paul",1
Headquarters,PW,Baxtermouth,1
Headquarters,VA,Nielsenton,1
Remote,KS,Jonesmouth,1
Headquarters,DE,"New Donnaview",1
Headquarters,AZ,"West Jamesview",1
Headquarters,GA,Christineside,1
Headquarters,GA,Tylerfort,1
Headquarters,NC,Cookshire,1
Headquarters,VA,Dustintown,1
Headquarters,CT,Billfort,1
Headquarters,AL,"West Jeffrey",1
Headquarters,DC,"South Dianaburgh",1
Headquarters,SD,Potterport,1
Headquarters,AL,"Lake Jon",1
Remote,ID,Wellsstad,1
Headquarters,VT,"New Felicia",1
Remote,MD,"New Theresatown",1
Headquarters,VT,"North Michaelview",1
Headquarters,OK,"North Veronica",1
Remote,VT,Bondside,1
Remote,MT,"Port Richardton",1
Remote,HI,"New Jessicamouth",1
Headquarters,KS,Alexanderfort,1
Headquarters,IN,"New Henry",1
Remote,MP,"Port Timothyberg",1
Headquarters,FL,Sharonton,1
Headquarters,AS,"North Javier",1
Headquarters,GU,Priceside,1
Remote,GU,Meyerborough,1
Headquarters,DC,Byrdberg,1
Headquarters,AR,"Port Stephanie",1
Headquarters,NM,Glassburgh,1
Remote,SC,Davidborough,1
Remote,HI,"West Johnshire",1
Headquarters,MP,Tranmouth,1
Remote,GA,"Lake Maryview",1
Headquarters,HI,"New Scott",1
Headquarters,ND,"East Kevinside",1
Headquarters,MS,Hendersonborough,1
Headquarters,LA,"South Deannahaven",1
Headquarters,AK,Edwardsland,1
Headquarters,NJ,"Port Samantha",1
Headquarters,FM,"North Hunter",1
Headquarters,WA,Brendashire,1
Remote,TN,Hunterview,1
Headquarters,AR,Angelicaport,1
Headquarters,OK,"South Ashleeshire",1
Headquarters,OK,"New Graceton",1
Remote,OK,"Lake Ryanchester",1
Headquarters,NH,Gordonshire,1
Remote,NV,"Lake Tanyaborough",1
Remote,CA,Jacobschester,1
Remote,MD,"North Allison",1
Remote,NH,Christopherfurt,1
Headquarters,IN,"Port Ryan",1
Remote,SC,"West Megantown",1
Headquarters,PW,"North Emily",1
Remote,IN,"South Angela",1
Headquarters,FL,Christensenfort,1
Remote,NM,"East Andrewton",1
Headquarters,OR,"North Alex",1
Headquarters,TN,"Port Samanthachester",1
Headquarters,PR,Benjaminfort,1
Headquarters,CO,"New Joshuamouth",1
Headquarters,MI,"West Justinport",1
Headquarters,GA,Thomastown,1
Headquarters,WY,Lopezview,1
Headquarters,DE,Bruceport,1
Headquarters,HI,Hardyburgh,1
Headquarters,NV,Livingstonmouth,1
Remote,GU,"South Traceychester",1
Headquarters,OH,Jenniferville,1
Remote,CO,Briggsfurt,1
Remote,AZ,"East Allison",1
Remote,AK,Jenniferburgh,1
Remote,VT,Jonathanborough,1
Headquarters,NV,Stevensmouth,1
Headquarters,HI,"West Aaron",1
Remote,NM,Amytown,1
Headquarters,MP,Combsmouth,1
Remote,AR,Normanstad,1
Remote,AZ,Jameschester,1
Headquarters,MO,Taylorside,1
Headquarters,SD,Cannonview,1
Remote,SC,Matachester,1
Headquarters,IN,Richardstad,1
Headquarters,MS,"Port Bobby",1
Headquarters,AS,Lichester,1
Headquarters,LA,Petersside,1
Headquarters,CT,"South Debra",1
Remote,WY,"South Carolfurt",1
Headquarters,MO,Jamesmouth,1
Remote,WI,"North Lauraport",1
Headquarters,NC,"Lake Joseph",1
Remote,VA,"West Johnfurt",1
Headquarters,IN,"North Judymouth",1
Headquarters,MT,Williamland,1
Headquarters,MO,"Port Melanie",1
Remote,AZ,"North Sandraburgh",1
Remote,MN,Zavalaport,1
Remote,IN,"South Courtneyton",1
Headquarters,MN,Jamesview,1
Remote,NE,"South Courtney",1
Headquarters,IL,"Port Meganport",1
Headquarters,WI,"Port Christiantown",1
Remote,MA,"West Matthewfurt",1
Remote,CT,"East Anneside",1
Remote,MA,"North Benjamin",1
Headquarters,CO,Barneshaven,1
Headquarters,GA,Brendaport,1
Remote,MD,"North Donna",1
Headquarters,GU,Delgadochester,1
Remote,KY,Davisbury,1
Headquarters,OK,"Lake Amanda",1
Remote,GA,Petersenstad,1
Remote,NV,"East Joe",1
Remote,MA,"North Rachelfort",1
Remote,AZ,Ronaldview,1
Headquarters,SD,"Port Danabury",1
Remote,MS,Holtville,1
Headquarters,GU,Caseyside,1
Headquarters,DC,"East Jamiefurt",1
Remote,WA,Bobbyside,1
Headquarters,HI,"North Jose",1
Remote,FM,Jonesmouth,1
Headquarters,ID,"South Jacqueline",1
Remote,MD,Oneilltown,1
Headquarters,DC,Anthonyton,1
Headquarters,PR,"New Tashaberg",1
Headquarters,MT,Kathryntown,1
Remote,IL,"South Paulastad",1
Headquarters,HI,Harrismouth,1
Headquarters,OK,"New Judith",1
Headquarters,CA,Maryville,1
Remote,FM,"South Darius",1
Headquarters,UT,"East Adam",1
Headquarters,SD,"South Michael",1
Remote,IL,Greenview,1
Remote,PA,"South Josephside",1
Remote,AZ,Christopherstad,1
Remote,VI,"South Josephland",1
Remote,NH,"South Cathy",1
Remote,MS,Gaytown,1
Headquarters,ND,Robertberg,1
Remote,MH,Stephenton,1
Headquarters,WA,Hurleyfort,1
Headquarters,NC,Jasonview,1
Headquarters,NY,"Lake Teresamouth",1
Headquarters,DE,Millerberg,1
Headquarters,ND,Christianberg,1
Headquarters,PA,"East Christine",1
Remote,ME,Diazmouth,1
Headquarters,RI,"West Craigmouth",1
Headquarters,MD,"New Christophertown",1
Headquarters,VI,Hughesbury,1
Headquarters,ME,"New Sean",1
Headquarters,WV,Rebeccafort,1
Headquarters,LA,"West Georgefurt",1
Remote,IA,Blacktown,1
Headquarters,KY,"West Kelly",1
Remote,AK,Hernandezshire,1
Headquarters,SD,"Port Sharonfort",1
Headquarters,MP,Cliffordside,1
Headquarters,TN,Hubbardfurt,1
Headquarters,KS,"West Steven",1
Remote,TN,"New Kelly",1
Headquarters,AZ,"East Kelli",1
Remote,MI,Peterschester,1
Remote,ID,Holttown,1
Headquarters,SC,Johnsonport,1
Remote,CA,"Lake Alexander",1
Remote,VT,Christyburgh,1
Headquarters,MT,"West Diana",1
Headquarters,DC,"East Joan",1
Headquarters,NY,Meyersland,1
Headquarters,WA,Leonstad,1
Remote,NH,"West Kristine",1
Remote,NH,"North Sarahstad",1
Headquarters,VA,"Port Jamestown",1
Headquarters,MT,"West Alexander",1
Remote,NM,Berryfort,1
Headquarters,NV,Taylormouth,1
Remote,NE,Kellyland,1
Remote,WA,"New Joeberg",1
Headquarters,VT,Jasmineland,1
Headquarters,OR,"East Bethchester",1
Remote,DE,"East Melanieside",1
Remote,AR,Jessicaview,1
Headquarters,IN,Walkerstad,1
Remote,PA,"Port Natashaton",1
Remote,VT,Dawnview,1
Remote,TN,Bonillaburgh,1
Headquarters,CA,Torresborough,1
Headquarters,NM,Nortonton,1
Remote,SD,"West Danieltown",1
Headquarters,ME,"North Shaun",1
Headquarters,IA,"North Scott",1
Headquarters,LA,"Lake Luis",1
Headquarters,GA,"Lake Patricia",1
Headquarters,NV,"West Crystalmouth",1
Headquarters,IN,"Port Craig",1
Headquarters,ID,"New Nicole",1
Headquarters,NH,"North Roy",1
Remote,NM,"North Natalieport",1
Headquarters,WY,Curtisborough,1
Headquarters,ID,Deborahtown,1
Remote,DE,"West Ericfort",1
Headquarters,SD,"West Matthew",1
Headquarters,VA,"North Evanbury",1
Remote,OR,"South Anthonymouth",1
Headquarters,LA,Jennifertown,1
Remote,MD,Gonzalezchester,1
Remote,AL,"Lake Michael",1
Remote,NY,Juarezton,1
Remote,FL,"Port Jacob",1
Headquarters,AR,"Port Ronnie",1
Remote,TN,"South Tracy",1
Headquarters,CO,"New Valerieside",1
Headquarters,PR,"North Karen",1
Headquarters,KY,Perrystad,1
Remote,VI,Lawsonfurt,1
Headquarters,DE,Nicholsberg,1
Remote,GA,Reedstad,1
Headquarters,WA,Jacobmouth,1
Headquarters,OR,Phillipfurt,1
Remote,NE,Kevinside,1
Headquarters,WY,Isabelburgh,1
Remote,AK,"New Tiffany",1
Remote,WA,Richardchester,1
Remote,PR,Hahnland,1
Headquarters,UT,"New Jerrytown",1
Remote,MI,Johnmouth,1
Remote,MD,Gloriatown,1
Headquarters,NY,"West Lisa",1
Remote,NV,Matthewstad,1
Headquarters,SD,Rogerstown,1
Headquarters,GU,"New Kaitlynchester",1
Remote,OK,Susanstad,1
Headquarters,MA,"South Victoriafort",1
Headquarters,MN,Barbaraborough,1
Remote,PR,"Port Matthewborough",1
Headquarters,RI,"Lake Joe",1
Headquarters,FL,"East Ryanchester",1
Headquarters,ND,Millermouth,1
Remote,PR,"West Tyler",1
Headquarters,OR,"New Michaelmouth",1
Headquarters,IL,"Lake Nicholas",1
Headquarters,ID,"North Erikborough",1
Remote,NV,"South Amanda",1
Headquarters,CA,Mackmouth,1
Remote,GA,"New Dianeborough",1
Headquarters,NH,Troyview,1
Headquarters,RI,Stacyburgh,1
Headquarters,OR,"North Kirkland",1
Headquarters,MS,"East Jennifer",1
Remote,VI,Chamberston,1
Headquarters,ND,"South Seth",1
Headquarters,WA,"North Nancyfurt",1
Headquarters,MH,Margaretshire,1
Headquarters,DC,Smithville,1
Remote,ME,Josemouth,1
Remote,MH,"East Michellefurt",1
Remote,IL,Andersonchester,1
Remote,FM,Thompsonside,1
Headquarters,MH,"West David",1
Remote,IA,Thomasport,1
Headquarters,IA,Guzmanmouth,1
Headquarters,PW,Mariastad,1
Remote,MN,"Lake Brianton",1
Headquarters,ND,"New Christopher",1
Remote,NE,Matthewville,1
Remote,NE,"North Joelville",1
Headquarters,WA,"South Austinview",1
Headquarters,UT,Jillton,1
Headquarters,CT,"West Jacobfurt",1
Headquarters,PA,"South Jenniferville",1
Remote,CO,"New Dianeshire",1
Remote,WV,Karafort,1
Headquarters,NJ,Rachelstad,1
Headquarters,VA,"Lake Stephanieville",1
Headquarters,TN,"South Tinaland",1
Headquarters,WA,"North Jamie",1
Remote,MD,Scottside,1
Headquarters,IN,Anitahaven,1
Headquarters,NE,Orrstad,1
Remote,CT,Valenzuelafort,1
Remote,NJ,Madelineside,1
Headquarters,MD,Justinport,1
Headquarters,GU,"North Bonniefort",1
Headquarters,UT,Dylanport,1
Headquarters,PR,"East Timothyberg",1
Headquarters,KY,Peggyton,1
Headquarters,ME,"South Tiffanyville",1
Headquarters,NY,"South Denisehaven",1
Headquarters,OH,"New Carol",1
Headquarters,OH,"New Raymondhaven",1
Headquarters,LA,"North Jeremyhaven",1
Headquarters,MH,Cortezside,1
Headquarters,NV,"New Michael",1
Headquarters,NM,Dennisfort,1
Headquarters,MN,"North Jason",1
Remote,FM,Boydberg,1
Headquarters,VA,Greenside,1
Headquarters,TN,"West Dawntown",1
Remote,VI,Staceyburgh,1
Remote,ND,Johnsonshire,1
Headquarters,LA,"West Jenniferchester",1
Remote,AK,Brookston,1
Headquarters,ME,Victoriastad,1
Headquarters,SD,Hernandezfurt,1
Headquarters,SD,Kristinchester,1
Headquarters,PA,Scottview,1
Headquarters,AS,"South Laura",1
Headquarters,DE,"North Leonardton",1
Remote,AS,Sullivanbury,1
Headquarters,TX,Jenniferside,1
Headquarters,WA,"North Eugenemouth",1
Remote,ME,"South Jenna",1
Headquarters,PR,Williamsmouth,1
Remote,NE,Yoderhaven,1
Remote,MS,Thomasmouth,1
Headquarters,FM,"East Jason",1
Remote,MH,Kingfort,1
Remote,IN,Chandlerland,1
Headquarters,LA,"North Pedro",1
Remote,OK,Ryanville,1
Headquarters,FL,Christinaberg,1
Remote,PW,Kellerborough,1
Headquarters,AL,"West Matthew",1
Headquarters,GU,"Port Donald",1
Headquarters,SC,Joshuaville,1
Headquarters,MO,Ashleeville,1
Remote,RI,Boothtown,1
Headquarters,CO,"South Laura",1
Headquarters,NV,Hernandezmouth,1
Remote,GU,"Lake Kelly",1
Headquarters,MP,"Lake Dianamouth",1
Remote,NJ,"South Sheilaberg",1
Remote,MN,Dawntown,1
Remote,UT,Dianehaven,1
Headquarters,MO,Cynthiafort,1
Headquarters,PA,Gomezmouth,1
Remote,GA,Lindsayburgh,1
Headquarters,PW,"North Tammy",1
Remote,NH,"New Stephen",1
Headquarters,SD,Joseshire,1
Remote,WI,"New Brian",1
Headquarters,NM,"North Ryanchester",1
Remote,ND,"New Emilyberg",1
Headquarters,MH,Perezview,1
Remote,OH,"East Dianabury",1
Remote,HI,Stephanietown,1
Remote,NJ,Maryport,1
Headquarters,AZ,"South Christinahaven",1
Remote,WY,Goldenburgh,1
Remote,CT,"West Barbara",1
Headquarters,MN,Kaitlynstad,1
Remote,KS,Whitefurt,1
Remote,WI,Kellychester,1
Headquarters,MO,"East Peggy",1
Headquarters,WI,"South Todd",1
Headquarters,CT,Rodriguezmouth,1
Remote,AR,"East Richardview",1
Remote,VA,"Lake Jimmy",1
Headquarters,NC,Ramirezport,1
Remote,DE,"East Johnchester",1
Remote,PR,"East Cynthia",1
Remote,MH,"South Timothy",1
Headquarters,NY,"Lake Emmaside",1
Remote,VI,Jonesbury,1
Headquarters,CT,Simpsonland,1
Remote,AK,Newmanbury,1
